"0","TestGradientDescent <- function(iterations = 1200, X, Y) {"
"0","  # Initialize (b, W1,w2)"
"0","  parametros <- rep(0, ncol(X)"
"0","                    )"
"0","  print(paste(""Initial Cost Function value: "", "
"0","              convergence <- c(funcionCostes(parametros, X, Y)), sep = """"))"
"0","  # updating (b, W1, w2) using gradient update"
"0","  # Derive theta using gradient descent using optim function"
"0","  parametros_optimizacion <- optim(par = parametros, fn = funcionCostes, X = X, Y = Y, "
"0","                                   control = list(maxit = iterations))"
"0","  #set parameters"
"0","  parametros <- parametros_optimizacion$par"
"0","  "
"0","  # Check evolution"
"0","  print(paste(""Final Cost Function value: "", "
"0","              convergence <- c(funcionCostes(parametros, X, Y)), sep = """"))"
"0",""
"0"," return(parametros) "
"0","}"
