"0",""
"0","#Vemos qué argumentos tiene esta función"
"0","args(optim)"
"1","function (par, fn, gr = NULL, ..., method = c(""Nelder-Mead"", 
"
"1","    ""BFGS"", ""CG"", ""L-BFGS-B"", ""SANN"", 
"
"1","    ""Brent""), lower = -Inf, upper = Inf, control = list(), 
"
"1","    hessian = FALSE) 
"
"1","NULL
"
"0","##### Existen diversos métodos para optimizar la función y su convergencia usando la funcion ""optim"". Estos métodos son: method = ""Nelder-Mead"", ""BFGS"", ""CG"", ""L-BFGS-B"", ""SANN"", ""Brent"""
"0",""
"0","##### En la salida de la función se explica si han convergido (valor 0) o no (valor 1)"
"0",""
